-- MySQL dump 10.13  Distrib 5.7.27, for Linux (x86_64)
--
-- Host: localhost    Database: courses
-- ------------------------------------------------------
-- Server version	5.7.27-0ubuntu0.18.04.1

/*!40101 SET @OLD_CHARACTER_SET_CLIENT=@@CHARACTER_SET_CLIENT */;
/*!40101 SET @OLD_CHARACTER_SET_RESULTS=@@CHARACTER_SET_RESULTS */;
/*!40101 SET @OLD_COLLATION_CONNECTION=@@COLLATION_CONNECTION */;
/*!40101 SET NAMES utf8 */;
/*!40103 SET @OLD_TIME_ZONE=@@TIME_ZONE */;
/*!40103 SET TIME_ZONE='+00:00' */;
/*!40014 SET @OLD_UNIQUE_CHECKS=@@UNIQUE_CHECKS, UNIQUE_CHECKS=0 */;
/*!40014 SET @OLD_FOREIGN_KEY_CHECKS=@@FOREIGN_KEY_CHECKS, FOREIGN_KEY_CHECKS=0 */;
/*!40101 SET @OLD_SQL_MODE=@@SQL_MODE, SQL_MODE='NO_AUTO_VALUE_ON_ZERO' */;
/*!40111 SET @OLD_SQL_NOTES=@@SQL_NOTES, SQL_NOTES=0 */;

--
-- Table structure for table `course`
--

DROP TABLE IF EXISTS `course`;
/*!40101 SET @saved_cs_client     = @@character_set_client */;
/*!40101 SET character_set_client = utf8 */;
CREATE TABLE `course` (
  `course_id` int(11) NOT NULL,
  `course_name` varchar(30) DEFAULT NULL,
  `faculty_id` int(11) NOT NULL,
  `class_room_no` int(11) DEFAULT NULL,
  PRIMARY KEY (`course_id`),
  KEY `fk_taught_by` (`faculty_id`),
  CONSTRAINT `fk_taught_by` FOREIGN KEY (`faculty_id`) REFERENCES `faculty` (`faculty_id`)
) ENGINE=InnoDB DEFAULT CHARSET=latin1;
/*!40101 SET character_set_client = @saved_cs_client */;

--
-- Dumping data for table `course`
--

LOCK TABLES `course` WRITE;
/*!40000 ALTER TABLE `course` DISABLE KEYS */;
INSERT INTO `course` VALUES (1,'OS',1,201),(2,'MPC',1,202),(3,'Signal',2,210);
/*!40000 ALTER TABLE `course` ENABLE KEYS */;
UNLOCK TABLES;

--
-- Table structure for table `enrolled`
--

DROP TABLE IF EXISTS `enrolled`;
/*!40101 SET @saved_cs_client     = @@character_set_client */;
/*!40101 SET character_set_client = utf8 */;
CREATE TABLE `enrolled` (
  `student_id` int(11) NOT NULL,
  `course_id` int(11) NOT NULL,
  PRIMARY KEY (`student_id`,`course_id`),
  KEY `fk_enrolled_in` (`course_id`),
  CONSTRAINT `fk_enrolled_by` FOREIGN KEY (`student_id`) REFERENCES `student` (`student_id`),
  CONSTRAINT `fk_enrolled_in` FOREIGN KEY (`course_id`) REFERENCES `course` (`course_id`)
) ENGINE=InnoDB DEFAULT CHARSET=latin1;
/*!40101 SET character_set_client = @saved_cs_client */;

--
-- Dumping data for table `enrolled`
--

LOCK TABLES `enrolled` WRITE;
/*!40000 ALTER TABLE `enrolled` DISABLE KEYS */;
INSERT INTO `enrolled` VALUES (1,1),(1,2),(2,2),(2,3);
/*!40000 ALTER TABLE `enrolled` ENABLE KEYS */;
UNLOCK TABLES;

--
-- Table structure for table `faculty`
--

DROP TABLE IF EXISTS `faculty`;
/*!40101 SET @saved_cs_client     = @@character_set_client */;
/*!40101 SET character_set_client = utf8 */;
CREATE TABLE `faculty` (
  `faculty_id` int(11) NOT NULL,
  `faculty_name` varchar(30) DEFAULT NULL,
  `salary` int(11) NOT NULL,
  `joining_date` date DEFAULT NULL,
  PRIMARY KEY (`faculty_id`)
) ENGINE=InnoDB DEFAULT CHARSET=latin1;
/*!40101 SET character_set_client = @saved_cs_client */;

--
-- Dumping data for table `faculty`
--

LOCK TABLES `faculty` WRITE;
/*!40000 ALTER TABLE `faculty` DISABLE KEYS */;
INSERT INTO `faculty` VALUES (1,'ram',10000,'2018-08-08'),(2,'sakhi',90000,'2019-08-08'),(3,'ss',900000,'2019-09-08');
/*!40000 ALTER TABLE `faculty` ENABLE KEYS */;
UNLOCK TABLES;

--
-- Table structure for table `student`
--

DROP TABLE IF EXISTS `student`;
/*!40101 SET @saved_cs_client     = @@character_set_client */;
/*!40101 SET character_set_client = utf8 */;
CREATE TABLE `student` (
  `student_id` int(11) NOT NULL,
  `student_name` varchar(30) DEFAULT NULL,
  `major` varchar(30) DEFAULT NULL,
  `age` int(11) DEFAULT NULL,
  PRIMARY KEY (`student_id`)
) ENGINE=InnoDB DEFAULT CHARSET=latin1;
/*!40101 SET character_set_client = @saved_cs_client */;

--
-- Dumping data for table `student`
--

LOCK TABLES `student` WRITE;
/*!40000 ALTER TABLE `student` DISABLE KEYS */;
INSERT INTO `student` VALUES (1,'xyz','CS',18),(2,'xyza','EC',19),(3,'xyza','CS',19);
/*!40000 ALTER TABLE `student` ENABLE KEYS */;
UNLOCK TABLES;
/*!40103 SET TIME_ZONE=@OLD_TIME_ZONE */;

/*!40101 SET SQL_MODE=@OLD_SQL_MODE */;
/*!40014 SET FOREIGN_KEY_CHECKS=@OLD_FOREIGN_KEY_CHECKS */;
/*!40014 SET UNIQUE_CHECKS=@OLD_UNIQUE_CHECKS */;
/*!40101 SET CHARACTER_SET_CLIENT=@OLD_CHARACTER_SET_CLIENT */;
/*!40101 SET CHARACTER_SET_RESULTS=@OLD_CHARACTER_SET_RESULTS */;
/*!40101 SET COLLATION_CONNECTION=@OLD_COLLATION_CONNECTION */;
/*!40111 SET SQL_NOTES=@OLD_SQL_NOTES */;

-- Dump completed on 2019-08-28 22:25:02
